{"schemaVersion":"1.0","appDefinitionTemplate":{"id":"/providers/Microsoft.PowerApps/apps/","type":"Microsoft.PowerApps/apps","tags":{"primaryDeviceWidth":"640","primaryDeviceHeight":"1136","sienaVersion":"20191114T141908Z-3.19111.28.0","deviceCapabilities":"","supportsPortrait":"true","supportsLandscape":"false","primaryFormFactor":"Phone","publisherVersion":"3.19111.28","minimumRequiredApiVersion":"2.2.0","hasComponent":"false","hasNonOOBComponent":"false"},"properties":{"appVersion":"2019-11-14T14:19:08Z","lifeCycleId":"Published","createdByClientVersion":{"major":3,"minor":19111,"build":28,"revision":0,"majorRevision":0,"minorRevision":0},"minClientVersion":{"major":3,"minor":19111,"build":28,"revision":0,"majorRevision":0,"minorRevision":0},"backgroundColor":"rgba(0, 176, 240, 1)","backgroundImageUri":"/9909885907357577651/N336496ee-09c0-4170-942a-1d9453c78ba7-logoSmallFile","displayName":"Emergency Contacts List","description":"Contact other people on the Emergency Contacts List.\n","commitMessage":"","appUris":{"documentUri":{"value":"/9909885907357577651/N08f98850-94bd-407e-9fae-7710465c4143-document.msapp"},"imageUris":[]},"createdTime":"0001-01-01T00:00:00Z","lastModifiedTime":"0001-01-01T00:00:00Z","sharedGroupsCount":0,"sharedUsersCount":0,"icons":{"smallIconUri":"/9909885907357577651/N99a3efd1-cd1e-494a-9c5c-4cde7037a7c6-small.png","mediumIconUri":"/9909885907357577651/Ncc75a3ad-f858-4440-97ae-bcdb33394f61-medium.png","largeIconUri":"/9909885907357577651/Nce6dec9f-73ea-4960-bf07-b1bb48aeacac-large.png","wideIconUri":"/9909885907357577651/Nd8d2b2c6-c361-449a-9a4e-2f3a13164b9f-wide.png"},"connectionReferences":{"7f72fdb4-6431-4e69-82f7-07a434e696c6":{"id":"78fb6b0c-fa3b-45e9-b8ab-d1843a6269b2","displayName":"SharePoint","iconUri":"https://connectoricons-prod.azureedge.net/sharepointonline/icon_1.0.1278.1750.png","dataSources":["Emergency Contacts List"],"dependencies":[],"dependents":[],"parameterHints":{},"isOnPremiseConnection":false,"bypassConsent":false,"dataSets":{"https://staffordshire.sharepoint.com/sites/EmergencyPlanningResilience":{"dataSources":{"Emergency Contacts List":{"tableName":"Emergency Contacts List"}}}},"apiTier":"Standard","isCustomApiConnection":false}},"databaseReferences":{},"almMode":"Environment","performanceOptimizationEnabled":false,"executionRestrictions":{"isTeamsOnly":false,"dataLossPreventionEvaluationResult":{"status":"Compliant","lastEvaluationDate":"2020-10-31T13:27:53.5331827Z","violationDetails":[]}}},"isAppComponentLibrary":false,"appType":"ClassicCanvasApp","appComponents":[]}}